State , ARG    , COND   , GLOBVARS , INSTRUC , LOCVARS , BODY   , CONST  , BINOP  , PROG   , PROGPRIME , COMMAND , UNOP   , EPILOG , SIMPLE , OP     , FUNCTIONS , VTYP   , COMPOSIT , ALGO   , ASSIGN , FNAME  , TERM   , ATOMIC , DECL   , VNAME  , HEADER , SUBFUNCS , PROLOG , BRANCH , <input , eq     , then   , halt   , not    , main   , T_Token , mul    , ;      , V_Token , sub    , if     , else   , N_Token , end    , {      , grt    , or     , div    , sqrt   , and    , =      , F_Token , $      , void   , return , (      ," ,      ", begin  , add    , )      , num    , }      , text   , skip   , print 
S1923 , error  , error  , error    , error   , error   , error  , error  , error  , error  , error     , error   , error  , error  , error  , error  , error     , error  , error    , error  , error  , error  , error  , error  , error  , error  , error  , error    , error  , error  , error  , error  , error  , error  , error  , error  , error   , error  , R28    , error   , error  , error  , error  , error   , error  , error  , error  , error  , error  , error  , error  , error  , error   , error  , error  , error  , error  , error  , error  , error  , error  , error  , error  , error  , error  , error 
S1922 , error  , error  , error    , error   , error   , error  , error  , error  , error  , error     , error   , error  , error  , error  , error  , error     , error  , error    , error  , error  , error  , error  , error  , error  , error  , error  , error    , error  , error  , error  , error  , error  , error  , error  , error  , error   , error  , error  , error   , error  , error  , error  , error   , error  , error  , error  , error  , error  , error  , error  , error  , error   , error  , error  , error  , error  , error  , R60    , error  , error  , error  , error  , error  , error  , error 
S1921 , error  , error  , error    , error   , error   , error  , error  , error  , error  , error     , error   , error  , error  , error  , error  , error     , error  , error    , error  , error  , error  , error  , error  , error  , error  , error  , error    , error  , error  , error  , error  , error  , error  , error  , error  , error   , error  , error  , error   , error  , error  , error  , error   , error  , error  , error  , error  , error  , error  , error  , error  , error   , error  , error  , error  , error  , error  , error  , error  , S1923  , error  , error  , error  , error  , error 
S1920 , error  , error  , error    , error   , error   , error  , error  , error  , error  , error     , error   , error  , error  , error  , error  , error     , error  , error    , error  , error  , error  , error  , error  , error  , error  , error  , error    , error  , error  , error  , error  , error  , error  , error  , error  , error   , error  , error  , error   , error  , error  , error  , error   , error  , R55    , error  , error  , error  , error  , error  , error  , error   , error  , error  , error  , error  , error  , error  , error  , error  , error  , error  , error  , error  , error 
S1919 , error  , error  , error    , error   , error   , error  , error  , error  , error  , error     , error   , error  , error  , error  , error  , error     , error  , error    , error  , error  , error  , error  , error  , error  , error  , error  , error    , error  , error  , error  , error  , error  , error  , error  , error  , error   , error  , error  , error   , error  , error  , error  , error   , error  , R54    , error  , error  , error  , error  , error  , error  , error   , error  , error  , error  , error  , error  , error  , error  , error  , error  , error  , error  , error  , error 
S1918 , error  , error  , error    , error   , error   , error  , error  , error  , error  , error     , error   , error  , error  , error  , error  , error     , error  , error    , error  , error  , error  , error  , error  , error  , error  , error  , error    , error  , error  , error  , error  , error  , error  , error  , error  , error   , error  , error  , error   , error  , error  , error  , error   , error  , error  , error  , error  , error  , error  , error  , error  , error   , error  , error  , error  , error  , S1922  , error  , error  , error  , error  , error  , error  , error  , error 
S1917 , error  , error  , error    , error   , error   , error  , error  , error  , error  , error     , error   , error  , error  , error  , error  , error     , error  , error    , error  , error  , error  , error  , G1921  , error  , error  , error  , error    , error  , error  , error  , error  , error  , error  , error  , error  , error   , error  , error  , error   , error  , error  , error  , error   , error  , error  , error  , error  , error  , error  , error  , error  , error   , error  , error  , error  , error  , error  , error  , error  , error  , error  , error  , error  , error  , error 
S1848 , G1865  , error  , error    , error   , error   , error  , error  , error  , error  , error     , error   , error  , error  , G1863  , error  , error     , error  , error    , error  , error  , error  , error  , G1864  , error  , error  , error  , error    , error  , error  , error  , error  , error  , error  , error  , error  , error   , error  , error  , error   , error  , error  , error  , error   , error  , error  , error  , error  , error  , error  , error  , error  , error   , error  , error  , error  , error  , error  , error  , error  , error  , error  , error  , error  , error  , error 
S1847 , error  , error  , error    , error   , error   , error  , error  , error  , error  , error     , error   , error  , error  , error  , error  , error     , error  , error    , error  , error  , error  , error  , G1862  , error  , error  , error  , error    , error  , error  , error  , error  , error  , error  , error  , error  , error   , error  , error  , error   , error  , error  , error  , error   , error  , error  , error  , error  , error  , error  , error  , error  , error   , error  , error  , error  , error  , error  , error  , error  , error  , error  , error  , error  , error  , error 
S1846 , error  , error  , error    , error   , error   , error  , error  , error  , error  , error     , error   , error  , error  , error  , error  , error     , error  , error    , error  , error  , error  , error  , error  , error  , error  , error  , error    , error  , error  , error  , error  , error  , error  , error  , error  , error   , error  , error  , error   , error  , error  , error  , error   , error  , error  , error  , error  , error  , error  , error  , error  , error   , error  , error  , error  , S1861  , error  , error  , error  , error  , error  , error  , error  , error  , error 
S1845 , error  , error  , error    , error   , error   , error  , error  , error  , error  , error     , error   , error  , error  , error  , error  , error     , error  , error    , error  , error  , error  , error  , error  , error  , error  , error  , error    , error  , error  , error  , error  , error  , error  , error  , error  , error   , error  , error  , error   , error  , error  , error  , error   , error  , error  , error  , error  , error  , error  , error  , error  , error   , R0     , error  , error  , error  , error  , error  , error  , error  , error  , error  , error  , error  , error 
S1844 , error  , error  , error    , error   , error   , error  , error  , error  , error  , error     , error   , error  , error  , error  , error  , error     , error  , error    , error  , error  , error  , error  , error  , error  , error  , error  , error    , error  , error  , error  , error  , error  , error  , error  , error  , error   , error  , error  , error   , error  , error  , error  , error   , S1860  , error  , error  , error  , error  , error  , error  , error  , error   , error  , error  , error  , error  , error  , error  , error  , error  , error  , error  , error  , error  , error 
S1843 , error  , error  , error    , error   , error   , error  , error  , error  , error  , error     , error   , error  , error  , error  , error  , error     , error  , error    , error  , error  , error  , error  , error  , error  , error  , error  , error    , error  , error  , error  , error  , error  , error  , error  , error  , error   , error  , R12    , error   , error  , error  , R12    , error   , error  , error  , error  , error  , error  , error  , error  , error  , error   , R12    , R12    , error  , error  , error  , error  , error  , error  , R12    , R12    , error  , error  , error 
S1842 , error  , error  , error    , G1859   , error   , error  , error  , error  , error  , error     , error   , error  , error  , error  , error  , error     , error  , error    , error  , error  , error  , error  , error  , error  , error  , error  , error    , error  , error  , error  , error  , error  , error  , error  , error  , error   , error  , error  , error   , error  , error  , error  , error   , R13    , error  , error  , error  , error  , error  , error  , error  , error   , error  , error  , error  , error  , error  , error  , error  , error  , error  , error  , error  , error  , error 
S1841 , error  , error  , error    , error   , error   , error  , error  , error  , error  , error     , error   , error  , error  , error  , error  , error     , error  , error    , G1858  , error  , error  , error  , error  , error  , error  , error  , error    , error  , error  , error  , error  , error  , error  , error  , error  , error   , error  , error  , error   , error  , error  , error  , error   , error  , error  , error  , error  , error  , error  , error  , error  , error   , error  , error  , error  , error  , error  , error  , error  , error  , error  , error  , error  , error  , error 
S1840 , error  , error  , error    , error   , error   , error  , error  , error  , error  , error     , error   , error  , error  , error  , error  , error     , error  , error    , error  , error  , error  , error  , error  , error  , error  , error  , error    , error  , error  , error  , error  , error  , error  , error  , error  , error   , error  , R21    , error   , error  , error  , error  , error   , error  , error  , error  , error  , error  , error  , error  , error  , error   , error  , error  , error  , error  , error  , error  , error  , error  , error  , error  , error  , error  , error 
S1839 , error  , error  , error    , error   , error   , error  , error  , error  , error  , error     , error   , error  , error  , error  , error  , error     , error  , error    , error  , error  , error  , error  , error  , error  , error  , error  , error    , error  , error  , error  , error  , error  , error  , error  , error  , error   , error  , error  , error   , error  , error  , error  , error   , R52    , error  , error  , error  , error  , error  , error  , error  , error   , R52    , error  , error  , error  , error  , error  , error  , error  , error  , error  , error  , error  , error 
S1838 , error  , error  , error    , error   , error   , error  , error  , error  , error  , error     , error   , error  , error  , error  , error  , error     , error  , error    , error  , error  , error  , error  , error  , error  , error  , error  , error    , error  , error  , error  , error  , error  , error  , error  , error  , error   , error  , error  , error   , error  , error  , error  , error   , R53    , error  , error  , error  , error  , error  , error  , error  , error   , R53    , R53    , error  , error  , error  , error  , error  , error  , R53    , error  , error  , error  , error 
S1837 , error  , error  , error    , error   , error   , error  , error  , error  , error  , error     , error   , error  , error  , error  , error  , error     , error  , error    , error  , error  , error  , error  , error  , error  , error  , error  , error    , error  , error  , error  , error  , error  , error  , error  , error  , error   , error  , error  , error   , error  , error  , error  , error   , error  , error  , error  , error  , error  , error  , error  , error  , error   , error  , error  , error  , S1857  , error  , error  , error  , error  , error  , error  , error  , error  , error 
S1836 , error  , error  , error    , error   , error   , error  , error  , error  , error  , error     , error   , error  , error  , error  , error  , error     , error  , error    , error  , error  , error  , error  , error  , error  , error  , error  , error    , error  , error  , error  , error  , error  , error  , error  , error  , error   , error  , error  , error   , error  , error  , error  , error   , error  , error  , error  , error  , error  , error  , error  , error  , error   , error  , error  , error  , S1856  , error  , error  , error  , error  , error  , error  , error  , error  , error 
S1835 , error  , error  , error    , error   , error   , error  , error  , error  , error  , error     , error   , error  , error  , error  , error  , error     , error  , error    , error  , error  , error  , error  , error  , error  , error  , error  , error    , error  , error  , error  , error  , error  , error  , error  , error  , error   , error  , error  , error   , error  , error  , error  , error   , error  , error  , error  , error  , error  , error  , error  , error  , error   , error  , error  , error  , R47    , error  , error  , error  , error  , error  , error  , error  , error  , error 
S1834 , error  , error  , error    , error   , error   , error  , error  , error  , error  , error     , error   , error  , error  , error  , error  , error     , error  , error    , error  , error  , error  , error  , error  , error  , error  , error  , error    , error  , error  , error  , error  , error  , error  , error  , error  , error   , error  , error  , error   , error  , error  , error  , error   , error  , error  , error  , error  , error  , error  , error  , error  , error   , error  , error  , error  , R49    , error  , error  , error  , error  , error  , error  , error  , error  , error 
S1833 , error  , error  , error    , error   , error   , error  , error  , error  , error  , error     , error   , error  , error  , error  , error  , error     , error  , error    , error  , error  , error  , error  , error  , error  , error  , error  , error    , error  , error  , error  , error  , error  , error  , error  , error  , error   , error  , error  , error   , error  , error  , error  , error   , error  , error  , error  , error  , error  , error  , error  , error  , error   , error  , error  , error  , error  , R34    , error  , error  , R34    , error  , error  , error  , error  , error 
S1832 , error  , error  , error    , error   , error   , error  , error  , error  , error  , error     , error   , error  , error  , error  , error  , error     , error  , error    , error  , error  , error  , error  , error  , error  , error  , error  , error    , error  , error  , error  , error  , error  , error  , error  , error  , error   , error  , R30    , error   , error  , error  , error  , error   , error  , error  , error  , error  , error  , error  , error  , error  , error   , error  , error  , error  , error  , R30    , error  , error  , R30    , error  , error  , error  , error  , error 
S1831 , error  , error  , error    , error   , error   , error  , error  , error  , error  , error     , error   , error  , error  , error  , error  , error     , error  , error    , error  , error  , error  , error  , error  , error  , error  , error  , error    , error  , error  , error  , error  , error  , error  , error  , error  , error   , error  , error  , error   , error  , error  , error  , error   , R61    , error  , error  , error  , error  , error  , error  , error  , error   , error  , error  , error  , error  , error  , error  , error  , error  , error  , error  , error  , error  , error 
S1830 , error  , error  , error    , error   , error   , error  , error  , error  , error  , error     , error   , error  , error  , error  , error  , error     , error  , error    , error  , error  , error  , error  , error  , error  , error  , error  , error    , error  , error  , error  , error  , error  , error  , error  , error  , error   , error  , R24    , error   , error  , error  , error  , error   , error  , error  , error  , error  , error  , error  , error  , error  , error   , error  , error  , error  , error  , R24    , error  , error  , R24    , error  , error  , error  , error  , error 
S1829 , error  , error  , error    , error   , error   , error  , error  , error  , error  , error     , error   , error  , error  , error  , error  , error     , error  , error    , error  , error  , error  , error  , error  , error  , error  , error  , error    , error  , error  , error  , error  , error  , error  , error  , error  , error   , error  , error  , error   , error  , error  , error  , error   , error  , error  , error  , error  , error  , error  , error  , error  , error   , error  , error  , error  , error  , error  , error  , error  , error  , R58    , error  , R58    , error  , error 
S1828 , error  , error  , error    , error   , error   , error  , error  , error  , error  , error     , error   , error  , error  , error  , error  , error     , error  , error    , error  , error  , error  , error  , error  , error  , error  , error  , error    , error  , error  , error  , error  , error  , error  , error  , error  , error   , error  , R31    , error   , error  , error  , error  , error   , error  , error  , error  , error  , error  , error  , error  , error  , error   , error  , error  , error  , error  , R31    , error  , error  , R31    , error  , error  , error  , error  , error 
S1827 , error  , G1855  , error    , error   , error   , error  , error  , error  , error  , error     , error   , error  , error  , error  , error  , error     , error  , error    , error  , error  , error  , error  , error  , error  , error  , error  , error    , error  , error  , error  , error  , error  , error  , error  , error  , error   , error  , error  , error   , error  , error  , error  , error   , error  , error  , error  , error  , error  , error  , error  , error  , error   , error  , error  , error  , error  , error  , error  , error  , error  , error  , error  , error  , error  , error 
S1826 , error  , error  , error    , error   , error   , error  , error  , error  , error  , error     , error   , error  , error  , error  , error  , error     , error  , error    , error  , error  , error  , error  , error  , error  , error  , error  , error    , error  , error  , R10    , error  , error  , error  , error  , error  , error   , error  , R10    , error   , error  , error  , error  , error   , error  , error  , error  , error  , error  , error  , error  , R10    , error   , error  , error  , error  , error  , R10    , error  , error  , R10    , error  , error  , error  , error  , error 
S1825 , error  , error  , error    , error   , error   , error  , error  , error  , error  , error     , error   , error  , error  , error  , error  , error     , error  , error    , error  , error  , error  , error  , error  , error  , error  , error  , error    , error  , error  , error  , error  , error  , error  , error  , error  , error   , error  , error  , error   , error  , error  , error  , error   , error  , error  , error  , error  , error  , error  , error  , error  , error   , error  , error  , error  , R43    , error  , error  , error  , error  , error  , error  , error  , error  , error 
S1824 , error  , error  , error    , error   , error   , error  , error  , error  , error  , error     , error   , error  , error  , error  , error  , error     , error  , error    , error  , error  , error  , error  , error  , error  , G1854  , error  , error    , error  , error  , error  , error  , error  , error  , error  , error  , error   , error  , error  , error   , error  , error  , error  , error   , error  , error  , error  , error  , error  , error  , error  , error  , error   , error  , error  , error  , error  , error  , error  , error  , error  , error  , error  , error  , error  , error 
S1823 , error  , error  , error    , error   , error   , error  , error  , error  , error  , error     , error   , error  , error  , error  , error  , error     , error  , error    , error  , error  , error  , error  , error  , error  , error  , error  , error    , error  , error  , error  , error  , error  , error  , error  , error  , error   , error  , error  , error   , error  , error  , error  , error   , error  , error  , error  , error  , error  , error  , error  , error  , error   , error  , error  , error  , R44    , error  , error  , error  , error  , error  , error  , error  , error  , error 
S1822 , error  , error  , G1853    , error   , error   , error  , error  , error  , error  , error     , error   , error  , error  , error  , error  , error     , error  , error    , G1852  , error  , error  , error  , error  , error  , error  , error  , error    , error  , error  , error  , error  , error  , error  , error  , error  , error   , error  , error  , error   , error  , error  , error  , error   , error  , error  , error  , error  , error  , error  , error  , error  , error   , error  , error  , error  , error  , error  , error  , error  , error  , error  , error  , error  , error  , error 
S1821 , error  , error  , error    , error   , error   , error  , error  , error  , error  , error     , error   , error  , error  , error  , error  , error     , error  , error    , error  , error  , error  , error  , error  , error  , error  , error  , error    , error  , error  , error  , error  , error  , error  , error  , error  , error   , error  , R25    , error   , error  , error  , error  , error   , error  , error  , error  , error  , error  , error  , error  , error  , error   , error  , error  , error  , error  , R25    , error  , error  , R25    , error  , error  , error  , error  , error 
S1820 , error  , error  , error    , error   , error   , error  , error  , error  , error  , error     , error   , error  , error  , error  , error  , error     , error  , error    , error  , error  , error  , error  , error  , error  , error  , error  , error    , error  , error  , S1851  , error  , error  , error  , error  , error  , error   , error  , R22    , error   , error  , error  , error  , error   , error  , error  , error  , error  , error  , error  , error  , S1850  , error   , error  , error  , error  , error  , R22    , error  , error  , R22    , error  , error  , error  , error  , error 
S1819 , error  , error  , error    , error   , error   , error  , error  , error  , error  , error     , error   , error  , error  , error  , error  , error     , error  , error    , error  , error  , error  , error  , G1849  , error  , error  , error  , error    , error  , error  , error  , error  , error  , error  , error  , error  , error   , error  , error  , error   , error  , error  , error  , error   , error  , error  , error  , error  , error  , error  , error  , error  , error   , error  , error  , error  , error  , error  , error  , error  , error  , error  , error  , error  , error  , error 
S1802 , error  , error  , error    , error   , error   , error  , error  , error  , error  , error     , error   , error  , error  , error  , error  , error     , error  , error    , error  , error  , error  , error  , error  , error  , error  , error  , error    , error  , error  , error  , error  , error  , error  , error  , error  , error   , error  , R16    , error   , error  , error  , error  , error   , error  , error  , error  , error  , error  , error  , error  , error  , error   , error  , error  , error  , error  , error  , error  , error  , error  , error  , error  , error  , error  , error 
S1801 , error  , error  , error    , error   , error   , error  , error  , error  , error  , error     , error   , error  , error  , error  , error  , error     , error  , error    , error  , error  , error  , error  , error  , error  , error  , error  , error    , error  , error  , error  , error  , R36    , error  , error  , error  , error   , error  , error  , error   , error  , error  , error  , error   , error  , error  , error  , error  , error  , error  , error  , error  , error   , error  , error  , error  , error  , error  , error  , error  , error  , error  , error  , error  , error  , error 
S1800 , error  , error  , error    , error   , error   , error  , error  , error  , error  , error     , error   , error  , error  , error  , error  , error     , error  , error    , error  , error  , error  , error  , error  , error  , error  , error  , error    , error  , error  , error  , error  , R35    , error  , error  , error  , error   , error  , error  , error   , error  , error  , error  , error   , error  , error  , error  , error  , error  , error  , error  , error  , error   , error  , error  , error  , error  , error  , error  , error  , error  , error  , error  , error  , error  , error 
S1799 , error  , error  , error    , error   , error   , error  , error  , error  , error  , error     , error   , error  , error  , error  , error  , error     , error  , error    , error  , error  , error  , error  , error  , error  , error  , error  , error    , error  , error  , error  , error  , error  , error  , error  , error  , error   , error  , error  , error   , error  , error  , error  , error   , error  , error  , error  , error  , error  , error  , error  , error  , error   , error  , error  , error  , R50    , error  , error  , error  , error  , error  , error  , error  , error  , error 
S1798 , error  , error  , error    , error   , error   , error  , error  , error  , error  , error     , error   , error  , error  , error  , error  , error     , error  , error    , error  , error  , error  , error  , error  , error  , error  , error  , error    , error  , error  , error  , error  , error  , error  , error  , error  , error   , error  , error  , error   , error  , error  , error  , error   , error  , error  , error  , error  , error  , error  , error  , error  , error   , error  , error  , error  , R41    , error  , error  , error  , error  , error  , error  , error  , error  , error 
S1797 , error  , error  , error    , error   , error   , error  , error  , error  , error  , error     , error   , error  , error  , error  , error  , error     , error  , error    , error  , error  , error  , error  , error  , error  , error  , error  , error    , error  , error  , error  , error  , error  , error  , error  , error  , error   , error  , error  , error   , error  , error  , error  , error   , error  , error  , error  , error  , error  , error  , error  , error  , error   , error  , error  , error  , R40    , error  , error  , error  , error  , error  , error  , error  , error  , error 
S1796 , error  , error  , error    , error   , error   , error  , error  , error  , error  , error     , error   , error  , error  , error  , error  , error     , error  , error    , error  , error  , error  , error  , error  , error  , error  , error  , error    , error  , error  , error  , error  , error  , error  , error  , error  , error   , error  , error  , error   , error  , error  , error  , error   , error  , error  , error  , error  , error  , error  , error  , error  , error   , error  , error  , error  , R48    , error  , error  , error  , error  , error  , error  , error  , error  , error 
S1795 , error  , error  , error    , error   , error   , error  , error  , error  , error  , error     , error   , error  , error  , error  , error  , error     , error  , error    , error  , error  , error  , error  , error  , error  , error  , error  , error    , error  , error  , error  , error  , error  , error  , error  , error  , error   , error  , error  , error   , error  , error  , error  , error   , error  , error  , error  , error  , error  , error  , error  , error  , error   , error  , error  , error  , R45    , error  , error  , error  , error  , error  , error  , error  , error  , error 
S1794 , error  , error  , error    , error   , error   , error  , error  , error  , error  , error     , error   , error  , error  , error  , error  , error     , error  , error    , error  , error  , error  , error  , error  , error  , error  , error  , error    , error  , error  , error  , error  , error  , error  , error  , error  , error   , error  , error  , error   , error  , error  , error  , error   , error  , error  , error  , error  , error  , error  , error  , error  , error   , error  , error  , error  , R46    , error  , error  , error  , error  , error  , error  , error  , error  , error 
S1793 , error  , error  , error    , error   , error   , error  , error  , error  , error  , error     , error   , error  , error  , error  , error  , G1839     , error  , error    , error  , error  , error  , error  , error  , error  , error  , error  , error    , error  , error  , error  , error  , error  , error  , error  , error  , error   , error  , error  , error   , error  , error  , error  , error   , R51    , error  , error  , error  , error  , error  , error  , error  , error   , R51    , error  , error  , error  , error  , error  , error  , error  , error  , error  , error  , error  , error 
S1792 , error  , error  , error    , error   , error   , G1838  , error  , error  , error  , error     , error   , error  , error  , error  , error  , error     , error  , error    , error  , error  , error  , error  , error  , error  , error  , error  , error    , error  , error  , error  , error  , error  , error  , error  , error  , error   , error  , error  , error   , error  , error  , error  , error   , error  , error  , error  , error  , error  , error  , error  , error  , error   , error  , error  , error  , error  , error  , error  , error  , error  , error  , error  , error  , error  , error 
S1791 , error  , error  , error    , error   , error   , error  , error  , error  , error  , error     , error   , error  , error  , error  , error  , error     , error  , error    , error  , error  , G1837  , error  , error  , error  , error  , error  , error    , error  , error  , error  , error  , error  , error  , error  , error  , error   , error  , error  , error   , error  , error  , error  , error   , error  , error  , error  , error  , error  , error  , error  , error  , error   , error  , error  , error  , error  , error  , error  , error  , error  , error  , error  , error  , error  , error 
S1790 , error  , error  , error    , error   , error   , error  , G1818  , G1815  , G1808  , G1811     , G1807   , G1836  , error  , G1800  , G1828  , G1831     , G1824  , G1801    , error  , G1803  , G1813  , G1833  , G1832  , G1793  , G1820  , G1792  , error    , G1806  , G1804  , error  , S1796  , error  , S1802  , S1797  , S1822  , S1821   , S1823  , error  , S1826   , S1825  , S1827  , error  , S1830   , error  , S1829  , S1834  , S1835  , S1795  , S1798  , S1794  , error  , S1799   , error  , S1791  , S1805  , error  , error  , S1810  , S1809  , error  , S1812  , S1814  , S1816  , S1817  , S1819 
S1803 , error  , error  , error    , error   , error   , error  , error  , error  , error  , error     , error   , error  , error  , error  , error  , error     , error  , error    , error  , error  , error  , error  , error  , error  , error  , error  , error    , error  , error  , error  , error  , error  , error  , error  , error  , error   , error  , R18    , error   , error  , error  , error  , error   , error  , error  , error  , error  , error  , error  , error  , error  , error   , error  , error  , error  , error  , error  , error  , error  , error  , error  , error  , error  , error  , error 
S1804 , error  , error  , error    , error   , error   , error  , error  , error  , error  , error     , error   , error  , error  , error  , error  , error     , error  , error    , error  , error  , error  , error  , error  , error  , error  , error  , error    , error  , error  , error  , error  , error  , error  , error  , error  , error   , error  , R20    , error   , error  , error  , error  , error   , error  , error  , error  , error  , error  , error  , error  , error  , error   , error  , error  , error  , error  , error  , error  , error  , error  , error  , error  , error  , error  , error 
S1805 , error  , error  , error    , error   , error   , error  , error  , error  , error  , error     , error   , error  , error  , error  , error  , error     , error  , error    , error  , error  , error  , error  , G1840  , error  , error  , error  , error    , error  , error  , error  , error  , error  , error  , error  , error  , error   , error  , error  , error   , error  , error  , error  , error   , error  , error  , error  , error  , error  , error  , error  , error  , error   , error  , error  , error  , error  , error  , error  , error  , error  , error  , error  , error  , error  , error 
S1806 , error  , error  , error    , error   , G1841   , error  , error  , error  , error  , error     , error   , error  , error  , error  , error  , error     , error  , error    , error  , error  , error  , error  , error  , error  , error  , error  , error    , error  , error  , error  , error  , error  , error  , error  , error  , error   , error  , error  , error   , error  , error  , error  , error   , error  , error  , error  , error  , error  , error  , error  , error  , error   , error  , error  , error  , error  , error  , error  , error  , error  , error  , error  , error  , error  , error 
S1807 , error  , error  , error    , error   , error   , error  , error  , error  , error  , error     , error   , error  , error  , error  , error  , error     , error  , error    , error  , error  , error  , error  , error  , error  , error  , error  , error    , error  , error  , error  , error  , error  , error  , error  , error  , error   , error  , S1842  , error   , error  , error  , error  , error   , error  , error  , error  , error  , error  , error  , error  , error  , error   , error  , error  , error  , error  , error  , error  , error  , error  , error  , error  , error  , error  , error 
S1808 , error  , error  , error    , error   , error   , error  , error  , error  , error  , error     , error   , error  , error  , error  , error  , error     , error  , error    , error  , error  , error  , error  , error  , error  , error  , error  , error    , error  , error  , error  , error  , error  , error  , error  , error  , error   , error  , error  , error   , error  , error  , error  , error   , error  , error  , error  , error  , error  , error  , error  , error  , error   , A0     , error  , error  , error  , error  , error  , error  , error  , error  , error  , error  , error  , error 
S1809 , error  , error  , error    , error   , error   , error  , error  , error  , error  , error     , error   , error  , error  , error  , error  , error     , error  , error    , error  , error  , error  , error  , error  , error  , error  , error  , error    , error  , error  , error  , error  , error  , error  , error  , error  , error   , error  , error  , error   , error  , error  , error  , error   , error  , error  , error  , error  , error  , error  , error  , error  , error   , error  , error  , error  , R42    , error  , error  , error  , error  , error  , error  , error  , error  , error 
S1810 , error  , error  , error    , G1844   , error   , error  , error  , error  , error  , error     , error   , error  , error  , error  , error  , error     , error  , error    , error  , error  , error  , error  , error  , error  , error  , error  , error    , error  , error  , error  , error  , error  , error  , error  , error  , error   , error  , error  , error   , error  , error  , error  , error   , S1843  , error  , error  , error  , error  , error  , error  , error  , error   , error  , error  , error  , error  , error  , error  , error  , error  , error  , error  , error  , error  , error 
S1811 , error  , error  , error    , error   , error   , error  , error  , error  , error  , error     , error   , error  , error  , error  , error  , error     , error  , error    , error  , error  , error  , error  , error  , error  , error  , error  , error    , error  , error  , error  , error  , error  , error  , error  , error  , error   , error  , error  , error   , error  , error  , error  , error   , error  , error  , error  , error  , error  , error  , error  , error  , error   , S1845  , error  , error  , error  , error  , error  , error  , error  , error  , error  , error  , error  , error 
S1812 , error  , error  , error    , error   , error   , error  , error  , error  , error  , error     , error   , error  , error  , error  , error  , error     , error  , error    , error  , error  , G1846  , error  , error  , error  , error  , error  , error    , error  , error  , error  , error  , error  , error  , error  , error  , error   , error  , error  , R8      , error  , error  , error  , error   , error  , error  , error  , error  , error  , error  , error  , error  , error   , error  , error  , error  , error  , error  , error  , error  , error  , error  , error  , error  , error  , error 
S1813 , error  , error  , error    , error   , error   , error  , error  , error  , error  , error     , error   , error  , error  , error  , error  , error     , error  , error    , error  , error  , error  , error  , error  , error  , error  , error  , error    , error  , error  , error  , error  , error  , error  , error  , error  , error   , error  , error  , error   , error  , error  , error  , error   , error  , error  , error  , error  , error  , error  , error  , error  , error   , error  , error  , error  , S1847  , error  , error  , error  , error  , error  , error  , error  , error  , error 
S1814 , error  , error  , error    , error   , error   , error  , error  , error  , error  , error     , error   , error  , error  , error  , error  , error     , error  , error    , error  , error  , error  , error  , error  , error  , error  , error  , error    , error  , error  , error  , error  , error  , error  , error  , error  , error   , error  , error  , error   , error  , error  , error  , error   , R59    , error  , error  , error  , error  , error  , error  , error  , error   , error  , R59    , error  , error  , error  , error  , error  , error  , R59    , error  , error  , error  , error 
S1815 , error  , error  , error    , error   , error   , error  , error  , error  , error  , error     , error   , error  , error  , error  , error  , error     , error  , error    , error  , error  , error  , error  , error  , error  , error  , error  , error    , error  , error  , error  , error  , error  , error  , error  , error  , error   , error  , error  , error   , error  , error  , error  , error   , error  , error  , error  , error  , error  , error  , error  , error  , error   , error  , error  , error  , S1848  , error  , error  , error  , error  , error  , error  , error  , error  , error 
S1816 , error  , error  , error    , error   , error   , error  , error  , error  , error  , error     , error   , error  , error  , error  , error  , error     , error  , error    , error  , error  , error  , error  , error  , error  , error  , error  , error    , error  , error  , error  , error  , error  , error  , error  , error  , error   , error  , error  , R9      , error  , error  , error  , error   , error  , error  , error  , error  , error  , error  , error  , error  , error   , error  , error  , error  , error  , error  , error  , error  , error  , error  , error  , error  , error  , error 
S1817 , error  , error  , error    , error   , error   , error  , error  , error  , error  , error     , error   , error  , error  , error  , error  , error     , error  , error    , error  , error  , error  , error  , error  , error  , error  , error  , error    , error  , error  , error  , error  , error  , error  , error  , error  , error   , error  , R15    , error   , error  , error  , error  , error   , error  , error  , error  , error  , error  , error  , error  , error  , error   , error  , error  , error  , error  , error  , error  , error  , error  , error  , error  , error  , error  , error 
S1818 , error  , error  , error    , error   , error   , error  , error  , error  , error  , error     , error   , error  , error  , error  , error  , error     , error  , error    , error  , error  , error  , error  , error  , error  , error  , error  , error    , error  , error  , error  , error  , error  , error  , error  , error  , error   , error  , R23    , error   , error  , error  , error  , error   , error  , error  , error  , error  , error  , error  , error  , error  , error   , error  , error  , error  , error  , R23    , error  , error  , R23    , error  , error  , error  , error  , error 
S1849 , error  , error  , error    , error   , error   , error  , error  , error  , error  , error     , error   , error  , error  , error  , error  , error     , error  , error    , error  , error  , error  , error  , error  , error  , error  , error  , error    , error  , error  , error  , error  , error  , error  , error  , error  , error   , error  , R17    , error   , error  , error  , error  , error   , error  , error  , error  , error  , error  , error  , error  , error  , error   , error  , error  , error  , error  , error  , error  , error  , error  , error  , error  , error  , error  , error 
S1850 , error  , error  , error    , error   , error   , error  , error  , error  , error  , error     , error   , error  , error  , error  , error  , error     , error  , error    , error  , error  , G1866  , G1867  , error  , error  , error  , error  , error    , error  , error  , error  , error  , error  , error  , error  , error  , error   , error  , error  , error   , error  , error  , error  , error   , error  , error  , error  , error  , error  , error  , error  , error  , error   , error  , error  , error  , error  , error  , error  , error  , error  , error  , error  , error  , error  , error 
S1851 , error  , error  , error    , error   , error   , error  , error  , error  , error  , error     , error   , error  , error  , error  , error  , error     , error  , error    , error  , error  , error  , error  , error  , error  , error  , error  , error    , error  , error  , error  , error  , error  , error  , error  , error  , error   , error  , R26    , error   , error  , error  , error  , error   , error  , error  , error  , error  , error  , error  , error  , error  , error   , error  , error  , error  , error  , error  , error  , error  , error  , error  , error  , error  , error  , error 
S1852 , error  , error  , error    , error   , error   , error  , error  , error  , error  , error     , error   , error  , error  , error  , error  , G1868     , error  , error    , error  , error  , error  , error  , error  , error  , error  , error  , error    , error  , error  , error  , error  , error  , error  , error  , error  , error   , error  , error  , error   , error  , error  , error  , error   , error  , error  , error  , error  , error  , error  , error  , error  , error   , R5     , error  , error  , error  , error  , error  , error  , error  , error  , error  , error  , error  , error 
S1853 , error  , error  , error    , error   , error   , error  , error  , error  , error  , error     , error   , error  , error  , error  , error  , error     , error  , error    , G1869  , error  , error  , error  , error  , error  , error  , error  , error    , error  , error  , error  , error  , error  , error  , error  , error  , error   , error  , error  , error   , error  , error  , error  , error   , error  , error  , error  , error  , error  , error  , error  , error  , error   , error  , error  , error  , error  , error  , error  , error  , error  , error  , error  , error  , error  , error 
S1854 , error  , error  , error    , error   , error   , error  , error  , error  , error  , error     , error   , error  , error  , error  , error  , error     , error  , error    , error  , error  , error  , error  , error  , error  , error  , error  , error    , error  , error  , error  , error  , error  , error  , error  , error  , error   , error  , error  , error   , error  , error  , error  , error   , error  , error  , error  , error  , error  , error  , error  , error  , error   , error  , error  , error  , error  , S1870  , error  , error  , error  , error  , error  , error  , error  , error 
S1855 , error  , error  , error    , error   , error   , error  , error  , error  , error  , error     , error   , error  , error  , error  , error  , error     , error  , error    , error  , error  , error  , error  , error  , error  , error  , error  , error    , error  , error  , error  , error  , S1871  , error  , error  , error  , error   , error  , error  , error   , error  , error  , error  , error   , error  , error  , error  , error  , error  , error  , error  , error  , error   , error  , error  , error  , error  , error  , error  , error  , error  , error  , error  , error  , error  , error 
S1856 , G1873  , error  , error    , error   , error   , error  , error  , error  , error  , error     , error   , error  , error  , G1872  , error  , error     , error  , error    , error  , error  , error  , error  , error  , error  , error  , error  , error    , error  , error  , error  , error  , error  , error  , error  , error  , error   , error  , error  , error   , error  , error  , error  , error   , error  , error  , error  , error  , error  , error  , error  , error  , error   , error  , error  , error  , error  , error  , error  , error  , error  , error  , error  , error  , error  , error 
S1857 , error  , error  , error    , error   , error   , error  , error  , error  , error  , error     , error   , error  , error  , error  , error  , error     , error  , error    , error  , error  , error  , error  , error  , error  , G1874  , error  , error    , error  , error  , error  , error  , error  , error  , error  , error  , error   , error  , error  , error   , error  , error  , error  , error   , error  , error  , error  , error  , error  , error  , error  , error  , error   , error  , error  , error  , error  , error  , error  , error  , error  , error  , error  , error  , error  , error 
S1858 , error  , error  , error    , error   , error   , error  , error  , error  , error  , error     , error   , error  , G1875  , error  , error  , error     , error  , error    , error  , error  , error  , error  , error  , error  , error  , error  , error    , error  , error  , error  , error  , error  , error  , error  , error  , error   , error  , error  , error   , error  , error  , error  , error   , error  , error  , error  , error  , error  , error  , error  , error  , error   , error  , error  , error  , error  , error  , error  , error  , error  , error  , error  , error  , error  , error 
S1859 , error  , error  , error    , error   , error   , error  , error  , error  , error  , error     , error   , error  , error  , error  , error  , error     , error  , error    , error  , error  , error  , error  , error  , error  , error  , error  , error    , error  , error  , error  , error  , error  , error  , error  , error  , error   , error  , error  , error   , error  , error  , error  , error   , R14    , error  , error  , error  , error  , error  , error  , error  , error   , error  , error  , error  , error  , error  , error  , error  , error  , error  , error  , error  , error  , error 
S1860 , error  , error  , error    , error   , error   , error  , error  , error  , error  , error     , error   , error  , error  , error  , error  , error     , error  , error    , error  , error  , error  , error  , error  , error  , error  , error  , error    , error  , error  , error  , error  , error  , error  , error  , error  , error   , error  , R11    , error   , error  , error  , R11    , error   , error  , error  , error  , error  , error  , error  , error  , error  , error   , R11    , R11    , error  , error  , error  , error  , error  , error  , R11    , R11    , error  , error  , error 
S1861 , error  , error  , error    , error   , error   , error  , error  , error  , error  , error     , error   , error  , error  , error  , error  , error     , error  , error    , error  , error  , error  , error  , error  , error  , G1876  , error  , error    , error  , error  , error  , error  , error  , error  , error  , error  , error   , error  , error  , error   , error  , error  , error  , error   , error  , error  , error  , error  , error  , error  , error  , error  , error   , error  , error  , error  , error  , error  , error  , error  , error  , error  , error  , error  , error  , error 
S1862 , error  , error  , error    , error   , error   , error  , error  , error  , error  , error     , error   , error  , error  , error  , error  , error     , error  , error    , error  , error  , error  , error  , error  , error  , error  , error  , error    , error  , error  , error  , error  , error  , error  , error  , error  , error   , error  , error  , error   , error  , error  , error  , error   , error  , error  , error  , error  , error  , error  , error  , error  , error   , error  , error  , error  , error  , S1877  , error  , error  , error  , error  , error  , error  , error  , error 
S1863 , error  , error  , error    , error   , error   , error  , error  , error  , error  , error     , error   , error  , error  , error  , error  , error     , error  , error    , error  , error  , error  , error  , error  , error  , error  , error  , error    , error  , error  , error  , error  , error  , error  , error  , error  , error   , error  , error  , error   , error  , error  , error  , error   , error  , error  , error  , error  , error  , error  , error  , error  , error   , error  , error  , error  , error  , S1878  , error  , error  , error  , error  , error  , error  , error  , error 
S1864 , error  , error  , error    , error   , error   , error  , error  , error  , error  , error     , error   , error  , error  , error  , error  , error     , error  , error    , error  , error  , error  , error  , error  , error  , error  , error  , error    , error  , error  , error  , error  , error  , error  , error  , error  , error   , error  , error  , error   , error  , error  , error  , error   , error  , error  , error  , error  , error  , error  , error  , error  , error   , error  , error  , error  , error  , S1879  , error  , error  , error  , error  , error  , error  , error  , error 
S1865 , error  , error  , error    , error   , error   , error  , error  , error  , error  , error     , error   , error  , error  , error  , error  , error     , error  , error    , error  , error  , error  , error  , error  , error  , error  , error  , error    , error  , error  , error  , error  , error  , error  , error  , error  , error   , error  , error  , error   , error  , error  , error  , error   , error  , error  , error  , error  , error  , error  , error  , error  , error   , error  , error  , error  , error  , S1880  , error  , error  , error  , error  , error  , error  , error  , error 
S1866 , error  , error  , error    , error   , error   , error  , error  , error  , error  , error     , error   , error  , error  , error  , error  , error     , error  , error    , error  , error  , error  , error  , error  , error  , error  , error  , error    , error  , error  , error  , error  , error  , error  , error  , error  , error   , error  , error  , error   , error  , error  , error  , error   , error  , error  , error  , error  , error  , error  , error  , error  , error   , error  , error  , error  , S1881  , error  , error  , error  , error  , error  , error  , error  , error  , error 
S1867 , error  , error  , error    , error   , error   , error  , error  , error  , error  , error     , error   , error  , error  , error  , error  , error     , error  , error    , error  , error  , error  , error  , error  , error  , error  , error  , error    , error  , error  , error  , error  , error  , error  , error  , error  , error   , error  , R27    , error   , error  , error  , error  , error   , error  , error  , error  , error  , error  , error  , error  , error  , error   , error  , error  , error  , error  , error  , error  , error  , error  , error  , error  , error  , error  , error 
S1868 , error  , error  , error    , error   , error   , error  , error  , error  , error  , error     , error   , error  , error  , error  , error  , error     , error  , error    , error  , error  , error  , error  , error  , error  , error  , error  , error    , error  , error  , error  , error  , error  , error  , error  , error  , error   , error  , error  , error   , error  , error  , error  , error   , error  , error  , error  , error  , error  , error  , error  , error  , error   , R3     , error  , error  , error  , error  , error  , error  , error  , error  , error  , error  , error  , error 
S1869 , error  , error  , error    , error   , error   , error  , error  , error  , error  , error     , error   , error  , error  , error  , error  , G1882     , error  , error    , error  , error  , error  , error  , error  , error  , error  , error  , error    , error  , error  , error  , error  , error  , error  , error  , error  , error   , error  , error  , error   , error  , error  , error  , error   , error  , error  , error  , error  , error  , error  , error  , error  , error   , R4     , error  , error  , error  , error  , error  , error  , error  , error  , error  , error  , error  , error 
S1870 , error  , error  , G1883    , error   , error   , error  , error  , error  , error  , error     , error   , error  , error  , error  , error  , error     , G1884  , error    , error  , error  , error  , error  , error  , error  , error  , error  , error    , error  , error  , error  , error  , error  , error  , error  , error  , error   , error  , error  , error   , error  , error  , error  , error   , error  , error  , error  , error  , error  , error  , error  , error  , error   , error  , error  , error  , error  , error  , R6     , error  , error  , error  , error  , error  , error  , error 
S1871 , error  , error  , error    , error   , error   , error  , error  , error  , error  , error     , error   , error  , error  , error  , error  , error     , error  , error    , G1885  , error  , error  , error  , error  , error  , error  , error  , error    , error  , error  , error  , error  , error  , error  , error  , error  , error   , error  , error  , error   , error  , error  , error  , error   , error  , error  , error  , error  , error  , error  , error  , error  , error   , error  , error  , error  , error  , error  , error  , error  , error  , error  , error  , error  , error  , error 
S1872 , error  , error  , error    , error   , error   , error  , error  , error  , error  , error     , error   , error  , error  , error  , error  , error     , error  , error    , error  , error  , error  , error  , error  , error  , error  , error  , error    , error  , error  , error  , error  , error  , error  , error  , error  , error   , error  , error  , error   , error  , error  , error  , error   , error  , error  , error  , error  , error  , error  , error  , error  , error   , error  , error  , error  , error  , error  , error  , error  , S1886  , error  , error  , error  , error  , error 
S1873 , error  , error  , error    , error   , error   , error  , error  , error  , error  , error     , error   , error  , error  , error  , error  , error     , error  , error    , error  , error  , error  , error  , error  , error  , error  , error  , error    , error  , error  , error  , error  , error  , error  , error  , error  , error   , error  , error  , error   , error  , error  , error  , error   , error  , error  , error  , error  , error  , error  , error  , error  , error   , error  , error  , error  , error  , error  , error  , error  , S1887  , error  , error  , error  , error  , error 
S1874 , error  , error  , error    , error   , error   , error  , error  , error  , error  , error     , error   , error  , error  , error  , error  , error     , error  , error    , error  , error  , error  , error  , error  , error  , error  , error  , error    , error  , error  , error  , error  , error  , error  , error  , error  , error   , error  , error  , error   , error  , error  , error  , error   , error  , error  , error  , error  , error  , error  , error  , error  , error   , error  , error  , error  , error  , S1888  , error  , error  , error  , error  , error  , error  , error  , error 
S1875 , error  , error  , error    , error   , error   , error  , error  , error  , error  , error     , error   , error  , error  , error  , error  , error     , error  , error    , error  , error  , error  , error  , error  , error  , error  , error  , G1890    , error  , error  , error  , error  , error  , error  , error  , error  , error   , error  , error  , error   , error  , error  , error  , error   , S1889  , error  , error  , error  , error  , error  , error  , error  , error   , error  , error  , error  , error  , error  , error  , error  , error  , error  , error  , error  , error  , error 
S1876 , error  , error  , error    , error   , error   , error  , error  , error  , error  , error     , error   , error  , error  , error  , error  , error     , error  , error    , error  , error  , error  , error  , error  , error  , error  , error  , error    , error  , error  , error  , error  , error  , error  , error  , error  , error   , error  , error  , error   , error  , error  , error  , error   , error  , error  , error  , error  , error  , error  , error  , error  , error   , error  , error  , error  , error  , S1891  , error  , error  , error  , error  , error  , error  , error  , error 
S1877 , error  , error  , error    , error   , error   , error  , error  , error  , error  , error     , error   , error  , error  , error  , error  , error     , error  , error    , error  , error  , error  , error  , G1892  , error  , error  , error  , error    , error  , error  , error  , error  , error  , error  , error  , error  , error   , error  , error  , error   , error  , error  , error  , error   , error  , error  , error  , error  , error  , error  , error  , error  , error   , error  , error  , error  , error  , error  , error  , error  , error  , error  , error  , error  , error  , error 
S1878 , error  , error  , error    , error   , error   , error  , error  , error  , error  , error     , error   , error  , error  , G1893  , error  , error     , error  , error    , error  , error  , error  , error  , error  , error  , error  , error  , error    , error  , error  , error  , error  , error  , error  , error  , error  , error   , error  , error  , error   , error  , error  , error  , error   , error  , error  , error  , error  , error  , error  , error  , error  , error   , error  , error  , error  , error  , error  , error  , error  , error  , error  , error  , error  , error  , error 
S1879 , error  , error  , error    , error   , error   , error  , error  , error  , error  , error     , error   , error  , error  , error  , error  , error     , error  , error    , error  , error  , error  , error  , G1894  , error  , error  , error  , error    , error  , error  , error  , error  , error  , error  , error  , error  , error   , error  , error  , error   , error  , error  , error  , error   , error  , error  , error  , error  , error  , error  , error  , error  , error   , error  , error  , error  , error  , error  , error  , error  , error  , error  , error  , error  , error  , error 
S1880 , G1895  , error  , error    , error   , error   , error  , error  , error  , error  , error     , error   , error  , error  , error  , error  , error     , error  , error    , error  , error  , error  , error  , error  , error  , error  , error  , error    , error  , error  , error  , error  , error  , error  , error  , error  , error   , error  , error  , error   , error  , error  , error  , error   , error  , error  , error  , error  , error  , error  , error  , error  , error   , error  , error  , error  , error  , error  , error  , error  , error  , error  , error  , error  , error  , error 
S1881 , error  , error  , error    , error   , error   , error  , error  , error  , error  , error     , error   , error  , error  , error  , error  , error     , error  , error    , error  , error  , error  , error  , G1896  , error  , error  , error  , error    , error  , error  , error  , error  , error  , error  , error  , error  , error   , error  , error  , error   , error  , error  , error  , error   , error  , error  , error  , error  , error  , error  , error  , error  , error   , error  , error  , error  , error  , error  , error  , error  , error  , error  , error  , error  , error  , error 
S1882 , error  , error  , error    , error   , error   , error  , error  , error  , error  , error     , error   , error  , error  , error  , error  , error     , error  , error    , error  , error  , error  , error  , error  , error  , error  , error  , error    , error  , error  , error  , error  , error  , error  , error  , error  , error   , error  , error  , error   , error  , error  , error  , error   , error  , error  , error  , error  , error  , error  , error  , error  , error   , R2     , error  , error  , error  , error  , error  , error  , error  , error  , error  , error  , error  , error 
S1883 , error  , error  , error    , error   , error   , error  , error  , error  , error  , error     , error   , error  , error  , error  , error  , error     , error  , error    , error  , error  , error  , error  , error  , error  , error  , error  , error    , error  , error  , error  , error  , error  , error  , error  , error  , error   , error  , error  , error   , error  , error  , error  , error   , error  , error  , error  , error  , error  , error  , error  , error  , error   , error  , error  , error  , error  , error  , R7     , error  , error  , error  , error  , error  , error  , error 
S1884 , error  , error  , error    , error   , error   , error  , error  , error  , error  , error     , error   , error  , error  , error  , error  , error     , error  , error    , error  , error  , error  , error  , error  , error  , G1897  , error  , error    , error  , error  , error  , error  , error  , error  , error  , error  , error   , error  , error  , error   , error  , error  , error  , error   , error  , error  , error  , error  , error  , error  , error  , error  , error   , error  , error  , error  , error  , error  , error  , error  , error  , error  , error  , error  , error  , error 
S1885 , error  , error  , error    , error   , error   , error  , error  , error  , error  , error     , error   , error  , error  , error  , error  , error     , error  , error    , error  , error  , error  , error  , error  , error  , error  , error  , error    , error  , error  , error  , error  , error  , error  , error  , error  , error   , error  , error  , error   , error  , error  , S1898  , error   , error  , error  , error  , error  , error  , error  , error  , error  , error   , error  , error  , error  , error  , error  , error  , error  , error  , error  , error  , error  , error  , error 
S1886 , error  , error  , error    , error   , error   , error  , error  , error  , error  , error     , error   , error  , error  , error  , error  , error     , error  , error    , error  , error  , error  , error  , error  , error  , error  , error  , error    , error  , error  , error  , error  , R39    , error  , error  , error  , error   , error  , error  , error   , error  , error  , error  , error   , error  , error  , error  , error  , error  , error  , error  , error  , error   , error  , error  , error  , error  , error  , error  , error  , error  , error  , error  , error  , error  , error 
S1887 , error  , error  , error    , error   , error   , error  , error  , error  , error  , error     , error   , error  , error  , error  , error  , error     , error  , error    , error  , error  , error  , error  , error  , error  , error  , error  , error    , error  , error  , error  , error  , error  , error  , error  , error  , error   , error  , R32    , error   , error  , error  , error  , error   , error  , error  , error  , error  , error  , error  , error  , error  , error   , error  , error  , error  , error  , R32    , error  , error  , R32    , error  , error  , error  , error  , error 
S1888 , error  , error  , error    , error   , error   , error  , error  , error  , error  , error     , error   , error  , error  , error  , error  , error     , error  , error    , error  , error  , error  , error  , error  , error  , G1899  , error  , error    , error  , error  , error  , error  , error  , error  , error  , error  , error   , error  , error  , error   , error  , error  , error  , error   , error  , error  , error  , error  , error  , error  , error  , error  , error   , error  , error  , error  , error  , error  , error  , error  , error  , error  , error  , error  , error  , error 
S1889 , error  , error  , error    , error   , error   , error  , error  , error  , error  , error     , error   , error  , error  , error  , error  , error     , error  , error    , error  , error  , error  , error  , error  , error  , error  , error  , error    , error  , error  , error  , error  , error  , error  , error  , error  , error   , error  , error  , error   , error  , error  , error  , error   , R57    , error  , error  , error  , error  , error  , error  , error  , error   , R57    , R57    , error  , error  , error  , error  , error  , error  , R57    , error  , error  , error  , error 
S1890 , error  , error  , error    , error   , error   , error  , error  , error  , error  , error     , error   , error  , error  , error  , error  , error     , error  , error    , error  , error  , error  , error  , error  , error  , error  , error  , error    , error  , error  , error  , error  , error  , error  , error  , error  , error   , error  , error  , error   , error  , error  , error  , error   , S1900  , error  , error  , error  , error  , error  , error  , error  , error   , error  , error  , error  , error  , error  , error  , error  , error  , error  , error  , error  , error  , error 
S1891 , error  , error  , error    , error   , error   , error  , error  , error  , error  , error     , error   , error  , error  , error  , error  , error     , error  , error    , error  , error  , error  , error  , error  , error  , G1901  , error  , error    , error  , error  , error  , error  , error  , error  , error  , error  , error   , error  , error  , error   , error  , error  , error  , error   , error  , error  , error  , error  , error  , error  , error  , error  , error   , error  , error  , error  , error  , error  , error  , error  , error  , error  , error  , error  , error  , error 
S1892 , error  , error  , error    , error   , error   , error  , error  , error  , error  , error     , error   , error  , error  , error  , error  , error     , error  , error    , error  , error  , error  , error  , error  , error  , error  , error  , error    , error  , error  , error  , error  , error  , error  , error  , error  , error   , error  , error  , error   , error  , error  , error  , error   , error  , error  , error  , error  , error  , error  , error  , error  , error   , error  , error  , error  , error  , S1902  , error  , error  , error  , error  , error  , error  , error  , error 
S1893 , error  , error  , error    , error   , error   , error  , error  , error  , error  , error     , error   , error  , error  , error  , error  , error     , error  , error    , error  , error  , error  , error  , error  , error  , error  , error  , error    , error  , error  , error  , error  , error  , error  , error  , error  , error   , error  , error  , error   , error  , error  , error  , error   , error  , error  , error  , error  , error  , error  , error  , error  , error   , error  , error  , error  , error  , error  , error  , error  , S1903  , error  , error  , error  , error  , error 
S1894 , error  , error  , error    , error   , error   , error  , error  , error  , error  , error     , error   , error  , error  , error  , error  , error     , error  , error    , error  , error  , error  , error  , error  , error  , error  , error  , error    , error  , error  , error  , error  , error  , error  , error  , error  , error   , error  , error  , error   , error  , error  , error  , error   , error  , error  , error  , error  , error  , error  , error  , error  , error   , error  , error  , error  , error  , error  , error  , error  , S1904  , error  , error  , error  , error  , error 
S1895 , error  , error  , error    , error   , error   , error  , error  , error  , error  , error     , error   , error  , error  , error  , error  , error     , error  , error    , error  , error  , error  , error  , error  , error  , error  , error  , error    , error  , error  , error  , error  , error  , error  , error  , error  , error   , error  , error  , error   , error  , error  , error  , error   , error  , error  , error  , error  , error  , error  , error  , error  , error   , error  , error  , error  , error  , error  , error  , error  , S1905  , error  , error  , error  , error  , error 
S1896 , error  , error  , error    , error   , error   , error  , error  , error  , error  , error     , error   , error  , error  , error  , error  , error     , error  , error    , error  , error  , error  , error  , error  , error  , error  , error  , error    , error  , error  , error  , error  , error  , error  , error  , error  , error   , error  , error  , error   , error  , error  , error  , error   , error  , error  , error  , error  , error  , error  , error  , error  , error   , error  , error  , error  , error  , S1906  , error  , error  , error  , error  , error  , error  , error  , error 
S1897 , error  , error  , error    , error   , error   , error  , error  , error  , error  , error     , error   , error  , error  , error  , error  , error     , error  , error    , error  , error  , error  , error  , error  , error  , error  , error  , error    , error  , error  , error  , error  , error  , error  , error  , error  , error   , error  , error  , error   , error  , error  , error  , error   , error  , error  , error  , error  , error  , error  , error  , error  , error   , error  , error  , error  , error  , S1907  , error  , error  , error  , error  , error  , error  , error  , error 
S1898 , error  , error  , error    , error   , error   , error  , error  , error  , error  , error     , error   , error  , error  , error  , error  , error     , error  , error    , G1908  , error  , error  , error  , error  , error  , error  , error  , error    , error  , error  , error  , error  , error  , error  , error  , error  , error   , error  , error  , error   , error  , error  , error  , error   , error  , error  , error  , error  , error  , error  , error  , error  , error   , error  , error  , error  , error  , error  , error  , error  , error  , error  , error  , error  , error  , error 
S1899 , error  , error  , error    , error   , error   , error  , error  , error  , error  , error     , error   , error  , error  , error  , error  , error     , error  , error    , error  , error  , error  , error  , error  , error  , error  , error  , error    , error  , error  , error  , error  , error  , error  , error  , error  , error   , error  , error  , error   , error  , error  , error  , error   , error  , error  , error  , error  , error  , error  , error  , error  , error   , error  , error  , error  , error  , S1909  , error  , error  , error  , error  , error  , error  , error  , error 
S1900 , error  , error  , error    , error   , error   , error  , error  , error  , error  , error     , error   , error  , error  , error  , error  , error     , error  , error    , error  , error  , error  , error  , error  , error  , error  , error  , error    , error  , error  , error  , error  , error  , error  , error  , error  , error   , error  , error  , error   , error  , error  , error  , error   , R56    , error  , error  , error  , error  , error  , error  , error  , error   , R56    , R56    , error  , error  , error  , error  , error  , error  , R56    , error  , error  , error  , error 
S1901 , error  , error  , error    , error   , error   , error  , error  , error  , error  , error     , error   , error  , error  , error  , error  , error     , error  , error    , error  , error  , error  , error  , error  , error  , error  , error  , error    , error  , error  , error  , error  , error  , error  , error  , error  , error   , error  , error  , error   , error  , error  , error  , error   , error  , error  , error  , error  , error  , error  , error  , error  , error   , error  , error  , error  , error  , S1910  , error  , error  , error  , error  , error  , error  , error  , error 
S1902 , error  , error  , error    , error   , error   , error  , error  , error  , error  , error     , error   , error  , error  , error  , error  , error     , error  , error    , error  , error  , error  , error  , G1911  , error  , error  , error  , error    , error  , error  , error  , error  , error  , error  , error  , error  , error   , error  , error  , error   , error  , error  , error  , error   , error  , error  , error  , error  , error  , error  , error  , error  , error   , error  , error  , error  , error  , error  , error  , error  , error  , error  , error  , error  , error  , error 
S1903 , error  , error  , error    , error   , error   , error  , error  , error  , error  , error     , error   , error  , error  , error  , error  , error     , error  , error    , error  , error  , error  , error  , error  , error  , error  , error  , error    , error  , error  , error  , error  , R38    , error  , error  , error  , error   , error  , error  , error   , error  , error  , error  , error   , error  , error  , error  , error  , error  , error  , error  , error  , error   , error  , error  , error  , error  , error  , error  , error  , error  , error  , error  , error  , error  , error 
S1904 , error  , error  , error    , error   , error   , error  , error  , error  , error  , error     , error   , error  , error  , error  , error  , error     , error  , error    , error  , error  , error  , error  , error  , error  , error  , error  , error    , error  , error  , error  , error  , R37    , error  , error  , error  , error   , error  , error  , error   , error  , error  , error  , error   , error  , error  , error  , error  , error  , error  , error  , error  , error   , error  , error  , error  , error  , R37    , error  , error  , R37    , error  , error  , error  , error  , error 
S1905 , error  , error  , error    , error   , error   , error  , error  , error  , error  , error     , error   , error  , error  , error  , error  , error     , error  , error    , error  , error  , error  , error  , error  , error  , error  , error  , error    , error  , error  , error  , error  , error  , error  , error  , error  , error   , error  , R33    , error   , error  , error  , error  , error   , error  , error  , error  , error  , error  , error  , error  , error  , error   , error  , error  , error  , error  , R33    , error  , error  , R33    , error  , error  , error  , error  , error 
S1906 , error  , error  , error    , error   , error   , error  , error  , error  , error  , error     , error   , error  , error  , error  , error  , error     , error  , error    , error  , error  , error  , error  , G1912  , error  , error  , error  , error    , error  , error  , error  , error  , error  , error  , error  , error  , error   , error  , error  , error   , error  , error  , error  , error   , error  , error  , error  , error  , error  , error  , error  , error  , error   , error  , error  , error  , error  , error  , error  , error  , error  , error  , error  , error  , error  , error 
S1907 , error  , error  , error    , error   , error   , error  , error  , error  , error  , error     , error   , error  , error  , error  , error  , error     , G1913  , error    , error  , error  , error  , error  , error  , error  , error  , error  , error    , error  , error  , error  , error  , error  , error  , error  , error  , error   , error  , error  , error   , error  , error  , error  , error   , error  , error  , error  , error  , error  , error  , error  , error  , error   , error  , error  , error  , error  , error  , error  , error  , error  , error  , error  , error  , error  , error 
S1908 , error  , error  , error    , error   , error   , error  , error  , error  , error  , error     , error   , error  , error  , error  , error  , error     , error  , error    , error  , error  , error  , error  , error  , error  , error  , error  , error    , error  , error  , error  , error  , error  , error  , error  , error  , error   , error  , R29    , error   , error  , error  , error  , error   , error  , error  , error  , error  , error  , error  , error  , error  , error   , error  , error  , error  , error  , error  , error  , error  , error  , error  , error  , error  , error  , error 
S1909 , error  , error  , error    , error   , error   , error  , error  , error  , error  , error     , error   , error  , error  , error  , error  , error     , error  , error    , error  , error  , error  , error  , error  , error  , G1914  , error  , error    , error  , error  , error  , error  , error  , error  , error  , error  , error   , error  , error  , error   , error  , error  , error  , error   , error  , error  , error  , error  , error  , error  , error  , error  , error   , error  , error  , error  , error  , error  , error  , error  , error  , error  , error  , error  , error  , error 
S1910 , error  , error  , error    , error   , error   , error  , error  , error  , error  , error     , error   , error  , error  , error  , error  , error     , error  , error    , error  , error  , error  , error  , error  , error  , G1915  , error  , error    , error  , error  , error  , error  , error  , error  , error  , error  , error   , error  , error  , error   , error  , error  , error  , error   , error  , error  , error  , error  , error  , error  , error  , error  , error   , error  , error  , error  , error  , error  , error  , error  , error  , error  , error  , error  , error  , error 
S1911 , error  , error  , error    , error   , error   , error  , error  , error  , error  , error     , error   , error  , error  , error  , error  , error     , error  , error    , error  , error  , error  , error  , error  , error  , error  , error  , error    , error  , error  , error  , error  , error  , error  , error  , error  , error   , error  , error  , error   , error  , error  , error  , error   , error  , error  , error  , error  , error  , error  , error  , error  , error   , error  , error  , error  , error  , error  , error  , error  , S1916  , error  , error  , error  , error  , error 
S1912 , error  , error  , error    , error   , error   , error  , error  , error  , error  , error     , error   , error  , error  , error  , error  , error     , error  , error    , error  , error  , error  , error  , error  , error  , error  , error  , error    , error  , error  , error  , error  , error  , error  , error  , error  , error   , error  , error  , error   , error  , error  , error  , error   , error  , error  , error  , error  , error  , error  , error  , error  , error   , error  , error  , error  , error  , S1917  , error  , error  , error  , error  , error  , error  , error  , error 
S1913 , error  , error  , error    , error   , error   , error  , error  , error  , error  , error     , error   , error  , error  , error  , error  , error     , error  , error    , error  , error  , error  , error  , error  , error  , G1918  , error  , error    , error  , error  , error  , error  , error  , error  , error  , error  , error   , error  , error  , error   , error  , error  , error  , error   , error  , error  , error  , error  , error  , error  , error  , error  , error   , error  , error  , error  , error  , error  , error  , error  , error  , error  , error  , error  , error  , error 
S1914 , error  , error  , error    , error   , error   , error  , error  , error  , error  , error     , error   , error  , error  , error  , error  , error     , error  , error    , error  , error  , error  , error  , error  , error  , error  , error  , error    , error  , error  , error  , error  , error  , error  , error  , error  , error   , error  , error  , error   , error  , error  , error  , error   , error  , error  , error  , error  , error  , error  , error  , error  , error   , error  , error  , error  , error  , error  , error  , error  , S1919  , error  , error  , error  , error  , error 
S1915 , error  , error  , error    , error   , error   , error  , error  , error  , error  , error     , error   , error  , error  , error  , error  , error     , error  , error    , error  , error  , error  , error  , error  , error  , error  , error  , error    , error  , error  , error  , error  , error  , error  , error  , error  , error   , error  , error  , error   , error  , error  , error  , error   , error  , error  , error  , error  , error  , error  , error  , error  , error   , error  , error  , error  , error  , error  , error  , error  , S1920  , error  , error  , error  , error  , error 
S1916 , error  , error  , error    , error   , error   , error  , error  , error  , error  , error     , error   , error  , error  , error  , error  , error     , error  , error    , error  , error  , error  , error  , error  , error  , error  , error  , error    , error  , error  , error  , error  , error  , error  , error  , error  , error   , error  , R19    , error   , error  , error  , error  , error   , error  , error  , error  , error  , error  , error  , error  , error  , error   , error  , error  , error  , error  , error  , error  , error  , error  , error  , error  , error  , error  , error 
,,,,,,,,,,,,,,,,,,,,,,,,,,,,,,,,,,,,,,,,,,,,,,,,,,,,,,,,,,,,,,,,,
